env,mean,std
gym_ant,-9.249851292576155,41.349832178955076
