env,mean,std
gym_ant,-27.8530593779113,33.246888081044716
